/*table user*/
INSERT INTO `ddb_camagru`.`user` (`pseudo`, `password`, `salt`, `email`, `birthdate`) VALUES ('stpuget', '25bd991e44a0e32c59810cd449420d9d', 'xBdmGCDjthicmtlXyN', 'stpuget@email.fr', '1994-09-19');
INSERT INTO `ddb_camagru`.`user` (`pseudo`, `password`, `salt`, `email`, `birthdate`) VALUES ('jemagnie', '9c99c44ffd14c087945d26b9c39589bd', '1gFIxytG4xbpgrPjEc', 'jemagnie@email.fr', '1994-09-19');
INSERT INTO `ddb_camagru`.`user` (`pseudo`, `password`, `salt`, `email`, `birthdate`) VALUES ('anamsell', 'adecfbcadd081a3708119b3fcf486a2f', 'EXdWWdR9wUNUwDT2af', 'anamsell@email.fr', '1994-09-19');
INSERT INTO `ddb_camagru`.`user` (`pseudo`, `password`, `salt`, `email`, `birthdate`) VALUES ('bpisano', '75703152f497bf4dea0b53db1ab1b29d', 'gkD0BEgHMVJ7PbTSPw', 'bpisano@email.fr', '1994-09-19');
INSERT INTO `ddb_camagru`.`user` (`pseudo`, `password`, `salt`, `email`, `birthdate`) VALUES ('abmazari', '36cd8f5cb5f00277d7b339924765e7f1', 'Vmvg8ZTtstbjyilS0M', 'abmazari@email.fr', '1994-09-19');
INSERT INTO `ddb_camagru`.`user` (`pseudo`, `password`, `salt`, `email`, `birthdate`) VALUES ('flombard', '40c8bb33ad6a290d61de578b9e954ce8', 'cfaPTJLxCl88ISk3Rh', 'flombard@email.fr', '1994-09-19');
INSERT INTO `ddb_camagru`.`user` (`pseudo`, `password`, `salt`, `email`, `birthdate`) VALUES ('qrobert-', '9a044357bccc1ee2b8762fcf9d6b059d', 'Krs2Ku38udHtIJAIm0', 'qrobert-@email.fr', '1994-09-19');
INSERT INTO `ddb_camagru`.`user` (`pseudo`, `password`, `salt`, `email`, `birthdate`) VALUES ('cchauvin', 'd078852ff428e6521214da89fd7ca9b7', '8Qnq2kmqVxatwKKPBi', 'cchauvin@email.fr', '1994-09-19');
INSERT INTO `ddb_camagru`.`user` (`pseudo`, `password`, `salt`, `email`, `birthdate`) VALUES ('admin', 'ab6f7b8360f0c9a5a5d0b7c0291d766e', '1j8jmEDMbTagK8WYmF', 'admin@email.fr', '1994-09-19');

/*table selfie*/
INSERT INTO `ddb_camagru`.`selfie` (`id_user`, `src`) VALUES ('1', 'img/stpuget/SWBrYLw2h8q2QSJtc9bwhk1ErdryAJUgmkpaVE23BgL8QahT9i.png');
INSERT INTO `ddb_camagru`.`selfie` (`id_user`, `src`) VALUES ('2', 'img/jemagnie/5ffk4TjGcFqVn61kQFwjdR0bhun8rLYkQ4mBFn6yLkjY921Ovm.png');
INSERT INTO `ddb_camagru`.`selfie` (`id_user`, `src`) VALUES ('3', 'img/anamsell/PrVGjU1yRg9GiOqveMK03jcbZaUQGfUbnwIxfxVWvTiExrQt3g.png');
INSERT INTO `ddb_camagru`.`selfie` (`id_user`, `src`) VALUES ('4', 'img/bpisano/iwmsryyaDjS373OJHfPqucxc7D86Wcc5ygdIFDI8EgRA0l1GsF.png');
INSERT INTO `ddb_camagru`.`selfie` (`id_user`, `src`) VALUES ('5', 'img/abmazari/bWiDpBjYVVWZ5KvWvyMyNQVCTCFhVbaOPaf4ChJdUu3OVnAgEa.png');
INSERT INTO `ddb_camagru`.`selfie` (`id_user`, `src`) VALUES ('6', 'img/flombard/i5NYwU12GITdK4rINtUSNRZS8OaGivJipc8EWPurd5mOQEcjOW.png');
INSERT INTO `ddb_camagru`.`selfie` (`id_user`, `src`) VALUES ('7', 'img/qrobert-/Ju5WpdYpxV72ak0Ps0dnmnbRtxGXpqUPKOBYJf671TPS4OxcFs.png');
INSERT INTO `ddb_camagru`.`selfie` (`id_user`, `src`) VALUES ('8', 'img/cchauvin/QP9qZXeDU3RtSfBuUIJvU9fj4TFtYPDvtBL0eHDYya98fArSY1.png');
INSERT INTO `ddb_camagru`.`selfie` (`id_user`, `src`) VALUES ('9', 'img/admin/TJdv9f82CEkt3M2mhFDsvx73RAF7wHt7fpsdug5OKfYtJIHIb1.png');

/*table likes*/
INSERT INTO `ddb_camagru`.`likes` (`id_user`, `id_selfie`) VALUES ('1', '1');
INSERT INTO `ddb_camagru`.`likes` (`id_user`, `id_selfie`) VALUES ('1', '2');
INSERT INTO `ddb_camagru`.`likes` (`id_user`, `id_selfie`) VALUES ('1', '3');
INSERT INTO `ddb_camagru`.`likes` (`id_user`, `id_selfie`) VALUES ('1', '4');
INSERT INTO `ddb_camagru`.`likes` (`id_user`, `id_selfie`) VALUES ('1', '5');
INSERT INTO `ddb_camagru`.`likes` (`id_user`, `id_selfie`) VALUES ('2', '2');
INSERT INTO `ddb_camagru`.`likes` (`id_user`, `id_selfie`) VALUES ('2', '3');
INSERT INTO `ddb_camagru`.`likes` (`id_user`, `id_selfie`) VALUES ('2', '4');
INSERT INTO `ddb_camagru`.`likes` (`id_user`, `id_selfie`) VALUES ('2', '5');
INSERT INTO `ddb_camagru`.`likes` (`id_user`, `id_selfie`) VALUES ('2', '6');
INSERT INTO `ddb_camagru`.`likes` (`id_user`, `id_selfie`) VALUES ('3', '3');
INSERT INTO `ddb_camagru`.`likes` (`id_user`, `id_selfie`) VALUES ('3', '4');
INSERT INTO `ddb_camagru`.`likes` (`id_user`, `id_selfie`) VALUES ('3', '5');
INSERT INTO `ddb_camagru`.`likes` (`id_user`, `id_selfie`) VALUES ('3', '6');
INSERT INTO `ddb_camagru`.`likes` (`id_user`, `id_selfie`) VALUES ('3', '7');
INSERT INTO `ddb_camagru`.`likes` (`id_user`, `id_selfie`) VALUES ('4', '4');
INSERT INTO `ddb_camagru`.`likes` (`id_user`, `id_selfie`) VALUES ('4', '5');
INSERT INTO `ddb_camagru`.`likes` (`id_user`, `id_selfie`) VALUES ('4', '6');
INSERT INTO `ddb_camagru`.`likes` (`id_user`, `id_selfie`) VALUES ('4', '7');
INSERT INTO `ddb_camagru`.`likes` (`id_user`, `id_selfie`) VALUES ('4', '8');
INSERT INTO `ddb_camagru`.`likes` (`id_user`, `id_selfie`) VALUES ('5', '5');
INSERT INTO `ddb_camagru`.`likes` (`id_user`, `id_selfie`) VALUES ('5', '6');
INSERT INTO `ddb_camagru`.`likes` (`id_user`, `id_selfie`) VALUES ('5', '7');
INSERT INTO `ddb_camagru`.`likes` (`id_user`, `id_selfie`) VALUES ('5', '8');
INSERT INTO `ddb_camagru`.`likes` (`id_user`, `id_selfie`) VALUES ('5', '9');
INSERT INTO `ddb_camagru`.`likes` (`id_user`, `id_selfie`) VALUES ('6', '6');
INSERT INTO `ddb_camagru`.`likes` (`id_user`, `id_selfie`) VALUES ('6', '7');
INSERT INTO `ddb_camagru`.`likes` (`id_user`, `id_selfie`) VALUES ('6', '8');
INSERT INTO `ddb_camagru`.`likes` (`id_user`, `id_selfie`) VALUES ('6', '9');
INSERT INTO `ddb_camagru`.`likes` (`id_user`, `id_selfie`) VALUES ('6', '1');
INSERT INTO `ddb_camagru`.`likes` (`id_user`, `id_selfie`) VALUES ('7', '5');
INSERT INTO `ddb_camagru`.`likes` (`id_user`, `id_selfie`) VALUES ('7', '6');
INSERT INTO `ddb_camagru`.`likes` (`id_user`, `id_selfie`) VALUES ('7', '7');
INSERT INTO `ddb_camagru`.`likes` (`id_user`, `id_selfie`) VALUES ('7', '8');
INSERT INTO `ddb_camagru`.`likes` (`id_user`, `id_selfie`) VALUES ('7', '9');
INSERT INTO `ddb_camagru`.`likes` (`id_user`, `id_selfie`) VALUES ('8', '4');
INSERT INTO `ddb_camagru`.`likes` (`id_user`, `id_selfie`) VALUES ('8', '5');
INSERT INTO `ddb_camagru`.`likes` (`id_user`, `id_selfie`) VALUES ('8', '6');
INSERT INTO `ddb_camagru`.`likes` (`id_user`, `id_selfie`) VALUES ('8', '7');
INSERT INTO `ddb_camagru`.`likes` (`id_user`, `id_selfie`) VALUES ('8', '8');
INSERT INTO `ddb_camagru`.`likes` (`id_user`, `id_selfie`) VALUES ('9', '3');
INSERT INTO `ddb_camagru`.`likes` (`id_user`, `id_selfie`) VALUES ('9', '4');
INSERT INTO `ddb_camagru`.`likes` (`id_user`, `id_selfie`) VALUES ('9', '5');
INSERT INTO `ddb_camagru`.`likes` (`id_user`, `id_selfie`) VALUES ('9', '6');
INSERT INTO `ddb_camagru`.`likes` (`id_user`, `id_selfie`) VALUES ('9', '7');

/*table comment*/
INSERT INTO `ddb_camagru`.`comment` (`message`, `id_selfie`, `id_user`) VALUES ('Auxit inpetrabilis Persidis ad occupatam.', '1', '1');
INSERT INTO `ddb_camagru`.`comment` (`message`, `id_selfie`, `id_user`) VALUES ('Auxit inpetrabilis Persidis ad occupatam.', '3', '1');
INSERT INTO `ddb_camagru`.`comment` (`message`, `id_selfie`, `id_user`) VALUES ('Auxit inpetrabilis Persidis ad occupatam.', '5', '1');
INSERT INTO `ddb_camagru`.`comment` (`message`, `id_selfie`, `id_user`) VALUES ('Auxit inpetrabilis Persidis ad occupatam.', '7', '1');
INSERT INTO `ddb_camagru`.`comment` (`message`, `id_selfie`, `id_user`) VALUES ('Auxit inpetrabilis Persidis ad occupatam.', '9', '1');
INSERT INTO `ddb_camagru`.`comment` (`message`, `id_selfie`, `id_user`) VALUES ('Auxit inpetrabilis Persidis ad occupatam.', '2', '2');
INSERT INTO `ddb_camagru`.`comment` (`message`, `id_selfie`, `id_user`) VALUES ('Auxit inpetrabilis Persidis ad occupatam.', '4', '2');
INSERT INTO `ddb_camagru`.`comment` (`message`, `id_selfie`, `id_user`) VALUES ('Auxit inpetrabilis Persidis ad occupatam.', '6', '2');
INSERT INTO `ddb_camagru`.`comment` (`message`, `id_selfie`, `id_user`) VALUES ('Auxit inpetrabilis Persidis ad occupatam.', '8', '2');
INSERT INTO `ddb_camagru`.`comment` (`message`, `id_selfie`, `id_user`) VALUES ('Auxit inpetrabilis Persidis ad occupatam.', '3', '3');
INSERT INTO `ddb_camagru`.`comment` (`message`, `id_selfie`, `id_user`) VALUES ('Auxit inpetrabilis Persidis ad occupatam.', '5', '3');
INSERT INTO `ddb_camagru`.`comment` (`message`, `id_selfie`, `id_user`) VALUES ('Auxit inpetrabilis Persidis ad occupatam.', '7', '3');
INSERT INTO `ddb_camagru`.`comment` (`message`, `id_selfie`, `id_user`) VALUES ('Auxit inpetrabilis Persidis ad occupatam.', '9', '3');
INSERT INTO `ddb_camagru`.`comment` (`message`, `id_selfie`, `id_user`) VALUES ('Auxit inpetrabilis Persidis ad occupatam.', '4', '4');
INSERT INTO `ddb_camagru`.`comment` (`message`, `id_selfie`, `id_user`) VALUES ('Auxit inpetrabilis Persidis ad occupatam.', '6', '4');
INSERT INTO `ddb_camagru`.`comment` (`message`, `id_selfie`, `id_user`) VALUES ('Auxit inpetrabilis Persidis ad occupatam.', '8', '4');
INSERT INTO `ddb_camagru`.`comment` (`message`, `id_selfie`, `id_user`) VALUES ('Auxit inpetrabilis Persidis ad occupatam.', '5', '5');
INSERT INTO `ddb_camagru`.`comment` (`message`, `id_selfie`, `id_user`) VALUES ('Auxit inpetrabilis Persidis ad occupatam.', '7', '5');
INSERT INTO `ddb_camagru`.`comment` (`message`, `id_selfie`, `id_user`) VALUES ('Auxit inpetrabilis Persidis ad occupatam.', '9', '5');
INSERT INTO `ddb_camagru`.`comment` (`message`, `id_selfie`, `id_user`) VALUES ('Auxit inpetrabilis Persidis ad occupatam.', '1', '6');
INSERT INTO `ddb_camagru`.`comment` (`message`, `id_selfie`, `id_user`) VALUES ('Auxit inpetrabilis Persidis ad occupatam.', '3', '6');
INSERT INTO `ddb_camagru`.`comment` (`message`, `id_selfie`, `id_user`) VALUES ('Auxit inpetrabilis Persidis ad occupatam.', '5', '6');
INSERT INTO `ddb_camagru`.`comment` (`message`, `id_selfie`, `id_user`) VALUES ('Auxit inpetrabilis Persidis ad occupatam.', '7', '6');
INSERT INTO `ddb_camagru`.`comment` (`message`, `id_selfie`, `id_user`) VALUES ('Auxit inpetrabilis Persidis ad occupatam.', '9', '6');
INSERT INTO `ddb_camagru`.`comment` (`message`, `id_selfie`, `id_user`) VALUES ('Auxit inpetrabilis Persidis ad occupatam.', '2', '7');
INSERT INTO `ddb_camagru`.`comment` (`message`, `id_selfie`, `id_user`) VALUES ('Auxit inpetrabilis Persidis ad occupatam.', '4', '7');
INSERT INTO `ddb_camagru`.`comment` (`message`, `id_selfie`, `id_user`) VALUES ('Auxit inpetrabilis Persidis ad occupatam.', '6', '7');
INSERT INTO `ddb_camagru`.`comment` (`message`, `id_selfie`, `id_user`) VALUES ('Auxit inpetrabilis Persidis ad occupatam.', '8', '7');
INSERT INTO `ddb_camagru`.`comment` (`message`, `id_selfie`, `id_user`) VALUES ('Auxit inpetrabilis Persidis ad occupatam.', '3', '8');
INSERT INTO `ddb_camagru`.`comment` (`message`, `id_selfie`, `id_user`) VALUES ('Auxit inpetrabilis Persidis ad occupatam.', '5', '8');
INSERT INTO `ddb_camagru`.`comment` (`message`, `id_selfie`, `id_user`) VALUES ('Auxit inpetrabilis Persidis ad occupatam.', '7', '8');
INSERT INTO `ddb_camagru`.`comment` (`message`, `id_selfie`, `id_user`) VALUES ('Auxit inpetrabilis Persidis ad occupatam.', '9', '8');
INSERT INTO `ddb_camagru`.`comment` (`message`, `id_selfie`, `id_user`) VALUES ('Auxit inpetrabilis Persidis ad occupatam.', '4', '9');
INSERT INTO `ddb_camagru`.`comment` (`message`, `id_selfie`, `id_user`) VALUES ('Auxit inpetrabilis Persidis ad occupatam.', '6', '9');
INSERT INTO `ddb_camagru`.`comment` (`message`, `id_selfie`, `id_user`) VALUES ('Auxit inpetrabilis Persidis ad occupatam.', '7', '9');
INSERT INTO `ddb_camagru`.`comment` (`message`, `id_selfie`, `id_user`) VALUES ('Auxit inpetrabilis Persidis ad occupatam.', '2', '9');
INSERT INTO `ddb_camagru`.`comment` (`message`, `id_selfie`, `id_user`) VALUES ('Auxit inpetrabilis Persidis ad occupatam.', '1', '9');
